<?xml version="1.0" encoding="UTF-8"?>
<beans xmlns="http://www.springframework.org/schema/beans"
    xmlns:xsi="http://www.w3.org/2001/XMLSchema-instance"
    xmlns:context="http://www.springframework.org/schema/context"
    xsi:schemaLocation="http://www.springframework.org/schema/beans
        http://www.springframework.org/schema/beans/spring-beans.xsd
        http://www.springframework.org/schema/context
        http://www.springframework.org/schema/context/spring-context.xsd">
        <!--
<bean class="com.dm.stereotype.Airtel" id="airtel"></bean>
<bean class="com.dm.stereotype.Vodafon" id="vodafon"> </bean>
<bean class="com.dm.stereotype.Airtel" id="sim"> </bean>
 
<bean class="com.dm.xml.springdi.Student" id="stud"> 

*** property tag  is for setter injection ****
<property name="name" value="Debasri"></property>
<property name="id" value="20"></property>
 -->
 <!-- Example of contructor injection
<constructor-arg name="name" value="Debasri">
</constructor-arg>
<constructor-arg name="id" value="30"></constructor-arg>
</bean>
<bean class="com.dm.xml.springdi.Student" id="stud2"> 
<constructor-arg name="id" value="10"></constructor-arg>
</bean> 
<bean class="com.dm.xml.springdi.Student" id="stud1"> 
<constructor-arg name="name" value="Debasri">
</constructor-arg>
</bean>-->
<!-- Example inner bean as property

<bean class="com.dm.xml.springdi.Student" id="student">
<property name="exam">
<bean class="com.dm.xml.springdi.Exam">
<constructor-arg name="result" value="A+"/>
</bean>
</property>
</bean> 
example of bean as reference to another bean as perperty
 
 <bean class="com.dm.xml.springdi.Exam" id="e">
<constructor-arg name="result" value="A+"/>
</bean>
<bean class="com.dm.xml.springdi.Student" id="student">
<property name="exam" ref="e"/></bean> -->
<!-- 
		Add a logger config to see logging messages.		
		- For more detailed logs, set values to "FINEST"
		- For info on logging levels, see: http://www.vogella.com/tutorials/Logging/article.html
	
    <bean id="myLogger" class="com.dm.xml.springdi.MyLogger" init-method="initLogger">
    	<property name="rootLoggerLevel" value="FINEST" />
    	<property name="printedLoggerLevel" value="FINEST"/>
    </bean>
    example of bean as reference to another bean as constructor
    
     
     <bean class="com.dm.xml.springdi.Exam" id="e">
<constructor-arg name="result" value="A+"/>
</bean>
<bean class="com.dm.xml.springdi.Student" id="student">
<constructor-arg ref="e"/></bean> 

example of loading value for property from properties file

<context:property-placeholder location="student.properties"/>
<bean class="com.dm.xml.springdi.Student" id="sd"> 
<property name="name" value="${stud.name}"></property>
<property name="id" value="${stud.id}"></property>
</bean>
example of loading value for constructor from properties file

<context:property-placeholder location="student.properties"/>
<bean class="com.dm.xml.springdi.Student" id="sd"> 
<constructor-arg name="name" value="${stud.name}"/>
<constructor-arg name="id" value="${stud.id}"/>
</bean>
calling custom init & destroy method from bean life cycle
-->
<bean class="com.dm.xml.springdi.Exam" id="e" init-method="myCustomInit" destroy-method="myCustomDestroy">
<constructor-arg name="result" value="A+"/>
</bean>
<bean class="com.dm.xml.springdi.Student" id="sd">
<constructor-arg ref="e"/></bean> 
</beans>

